D_length,L-length
53174880.87254871,232111.39671348574
