D_length,L-length
16683630.23814521,74324.21726927294
