D_length,L-length
205133255.76648706,907073.8538754733
