D_length,L-length
16727479.47854037,10566.451849204339
